6,66,126,186,246,306,366,426,486,546,606,666,726,786,Method,ID
NA,NA,NA,NA,NA,NA,NA,NA,NA,NA,NA,NA,NA,NA,DS.steepness.P,macy
NA,NA,NA,NA,NA,NA,NA,NA,NA,NA,NA,NA,NA,NA,DS.steepness.P,nige
NA,NA,NA,NA,NA,NA,NA,NA,NA,NA,NA,NA,NA,NA,DS.steepness.P,rodr
NA,NA,NA,NA,NA,NA,NA,NA,NA,NA,NA,NA,NA,NA,DS.steepness.P,balu
NA,NA,NA,NA,NA,NA,NA,NA,NA,NA,NA,NA,NA,NA,DS.steepness.P,egm
20,NA,NA,NA,NA,NA,NA,NA,NA,NA,NA,NA,NA,NA,DS.steepness.P,max
32,NA,NA,NA,NA,NA,NA,NA,NA,NA,NA,NA,NA,NA,DS.steepness.P,lego
27,21,NA,NA,NA,NA,NA,NA,NA,NA,NA,NA,NA,NA,DS.steepness.P,schm
13,14,16,NA,NA,NA,NA,NA,NA,NA,NA,NA,NA,NA,DS.steepness.P,larr
3,3,3,4,22,NA,NA,NA,NA,NA,NA,NA,NA,NA,DS.steepness.P,scar
29,28,22,23,23,20,NA,NA,NA,NA,NA,NA,NA,NA,DS.steepness.P,raje
33,33,36,36,37,33,NA,NA,NA,NA,NA,NA,NA,NA,DS.steepness.P,carm
15,15,14,13,13,11,16,NA,NA,NA,NA,NA,NA,NA,DS.steepness.P,ring
19,19,18,17,15,18,21,17,NA,NA,NA,NA,NA,NA,DS.steepness.P,talu
16,16,15,15,11,13,12,22,NA,NA,NA,NA,NA,NA,DS.steepness.P,gimp
18,18,28,27,27,27,26,24,NA,NA,NA,NA,NA,NA,DS.steepness.P,bone
40,38,37,35,41,35,32,33,NA,NA,NA,NA,NA,NA,DS.steepness.P,uthe
30,26,29,24,20,17,17,13,13,NA,NA,NA,NA,NA,DS.steepness.P,flo
8,8,9,12,14,14,14,14,20,NA,NA,NA,NA,NA,DS.steepness.P,tyle
7,7,7,9,10,9,15,27,21,NA,NA,NA,NA,NA,DS.steepness.P,mori
11,12,12,10,7,6,4,4,5,7,7,NA,NA,NA,DS.steepness.P,fay
37,37,35,34,33,36,35,35,36,27,27,NA,NA,NA,DS.steepness.P,wokb
45,44,43,42,43,42,41,40,35,29,29,NA,NA,NA,DS.steepness.P,floinf15
28,29,25,29,25,22,18,30,29,32,32,24,NA,NA,DS.steepness.P,ging
35,32,30,30,32,30,31,31,31,38,38,28,NA,NA,DS.steepness.P,ocea
1,1,1,1,1,1,1,1,1,1,1,1,1,1,DS.steepness.P,sash
2,2,2,2,2,2,2,2,2,2,2,2,2,2,DS.steepness.P,panc
9,10,10,7,5,4,5,6,4,3,3,3,3,3,DS.steepness.P,flyn
5,5,4,6,4,5,6,5,6,5,5,7,5,4,DS.steepness.P,lucy
6,6,5,3,3,3,3,3,3,4,4,4,4,5,DS.steepness.P,saff
10,9,8,8,8,8,7,9,8,8,8,5,7,6,DS.steepness.P,spoc
4,4,6,5,6,7,8,7,7,6,6,6,6,7,DS.steepness.P,coco
21,20,19,18,16,15,11,8,9,9,9,8,8,8,DS.steepness.P,fent
12,11,11,11,9,12,10,11,10,10,10,9,9,9,DS.steepness.P,socr
25,25,23,21,21,23,20,16,15,14,14,10,10,10,DS.steepness.P,sarg
42,40,40,39,38,40,38,37,33,26,26,12,12,11,DS.steepness.P,razo
22,22,20,19,19,19,19,15,14,13,13,13,13,12,DS.steepness.P,swaz
38,35,33,31,28,28,28,20,16,16,16,14,16,13,DS.steepness.P,puck
44,41,39,37,35,34,36,36,28,25,25,18,17,14,DS.steepness.P,gizm
31,30,27,26,26,26,24,23,22,20,20,19,19,15,DS.steepness.P,cura
24,24,26,25,29,25,25,21,19,15,15,17,21,16,DS.steepness.P,cola
17,17,17,16,17,16,13,12,12,12,12,11,11,17,DS.steepness.P,holl
50,48,46,44,44,45,39,34,30,28,28,23,24,18,DS.steepness.P,hect
36,36,34,33,34,32,30,28,27,22,22,16,18,19,DS.steepness.P,lore
46,43,41,40,36,38,33,18,17,18,18,25,20,20,DS.steepness.P,funk
51,49,48,47,42,37,34,32,25,19,19,15,14,21,DS.steepness.P,cind
34,31,31,28,30,29,27,26,24,17,17,21,26,22,DS.steepness.P,magn
43,42,42,41,40,41,40,41,39,35,35,34,33,23,DS.steepness.P,caba
39,34,32,32,31,31,29,25,18,23,23,22,15,24,DS.steepness.P,dori
14,13,13,14,12,10,9,10,11,11,11,20,23,25,DS.steepness.P,phoe
26,27,24,22,24,24,22,19,23,21,21,26,25,26,DS.steepness.P,xavi
48,46,45,45,46,44,44,39,37,30,30,29,29,27,DS.steepness.P,oreo
23,23,21,20,18,21,23,29,26,24,24,27,22,28,DS.steepness.P,swee
41,39,38,38,39,39,37,38,34,33,33,32,27,29,DS.steepness.P,egon
54,52,51,50,52,49,48,47,43,40,40,41,36,30,DS.steepness.P,guge
52,50,49,48,48,47,45,42,32,31,31,30,28,31,DS.steepness.P,fina
47,45,44,43,45,43,42,45,42,39,39,35,34,32,DS.steepness.P,home
59,57,56,55,50,48,46,46,41,36,36,36,32,33,DS.steepness.P,cact
56,54,53,52,54,53,51,50,44,43,43,40,39,34,DS.steepness.P,pean
57,55,54,53,53,52,47,43,38,34,34,33,30,35,DS.steepness.P,omni
53,51,50,49,51,50,49,49,45,41,41,38,38,36,DS.steepness.P,wood
49,47,47,46,47,46,43,44,40,37,37,31,31,37,DS.steepness.P,pino
55,53,52,51,49,51,50,48,46,42,42,37,35,38,DS.steepness.P,gats
62,60,59,58,58,57,55,53,49,46,46,42,40,39,DS.steepness.P,daen
58,56,55,54,55,54,52,51,47,44,44,39,37,40,DS.steepness.P,octo
60,58,57,56,56,55,54,54,50,47,47,44,42,41,DS.steepness.P,dire
61,59,58,57,57,56,53,52,48,45,45,43,41,42,DS.steepness.P,wolo
NA,NA,NA,NA,NA,NA,NA,NA,NA,NA,NA,NA,NA,NA,DS.steep.D,macy
NA,NA,NA,NA,NA,NA,NA,NA,NA,NA,NA,NA,NA,NA,DS.steep.D,nige
NA,NA,NA,NA,NA,NA,NA,NA,NA,NA,NA,NA,NA,NA,DS.steep.D,rodr
NA,NA,NA,NA,NA,NA,NA,NA,NA,NA,NA,NA,NA,NA,DS.steep.D,balu
NA,NA,NA,NA,NA,NA,NA,NA,NA,NA,NA,NA,NA,NA,DS.steep.D,egm
19,NA,NA,NA,NA,NA,NA,NA,NA,NA,NA,NA,NA,NA,DS.steep.D,max
28,NA,NA,NA,NA,NA,NA,NA,NA,NA,NA,NA,NA,NA,DS.steep.D,lego
23,20,NA,NA,NA,NA,NA,NA,NA,NA,NA,NA,NA,NA,DS.steep.D,schm
12,14,17,NA,NA,NA,NA,NA,NA,NA,NA,NA,NA,NA,DS.steep.D,larr
3,3,3,7,23,NA,NA,NA,NA,NA,NA,NA,NA,NA,DS.steep.D,scar
30,29,25,23,19,19,NA,NA,NA,NA,NA,NA,NA,NA,DS.steep.D,raje
34,32,34,36,34,31,NA,NA,NA,NA,NA,NA,NA,NA,DS.steep.D,carm
15,15,14,14,13,12,17,NA,NA,NA,NA,NA,NA,NA,DS.steep.D,ring
21,21,19,17,17,18,20,17,NA,NA,NA,NA,NA,NA,DS.steep.D,talu
17,17,15,16,14,14,12,18,NA,NA,NA,NA,NA,NA,DS.steep.D,gimp
18,18,26,25,26,26,24,23,NA,NA,NA,NA,NA,NA,DS.steep.D,bone
39,39,36,33,40,32,30,29,NA,NA,NA,NA,NA,NA,DS.steep.D,uthe
33,28,28,26,20,17,16,14,13,NA,NA,NA,NA,NA,DS.steep.D,flo
9,8,11,12,12,15,14,13,18,NA,NA,NA,NA,NA,DS.steep.D,tyle
7,7,7,10,10,9,15,21,19,NA,NA,NA,NA,NA,DS.steep.D,mori
37,37,37,37,36,36,36,33,30,25,NA,NA,NA,NA,DS.steep.D,floinf15
8,10,10,9,7,7,5,5,7,8,9,NA,NA,NA,DS.steep.D,fay
42,40,39,34,33,38,38,38,35,29,23,NA,NA,NA,DS.steep.D,wokb
31,30,27,30,29,25,22,30,29,27,27,21,NA,NA,DS.steep.D,ging
40,36,35,35,37,35,35,34,33,38,32,27,NA,NA,DS.steep.D,ocea
1,1,1,1,1,1,1,1,1,1,1,1,1,1,DS.steep.D,sash
2,2,2,2,2,2,2,2,2,2,2,2,2,2,DS.steep.D,panc
10,9,8,6,6,5,6,6,4,3,3,3,3,3,DS.steep.D,flyn
5,5,4,5,4,4,4,4,5,5,5,5,5,4,DS.steep.D,lucy
6,6,6,4,3,3,3,3,3,4,4,4,4,5,DS.steep.D,saff
4,4,5,3,5,6,7,7,6,6,6,7,6,6,DS.steep.D,coco
11,11,9,8,8,8,8,8,8,7,8,6,7,7,DS.steep.D,spoc
20,19,18,18,16,13,11,9,9,9,7,8,8,8,DS.steep.D,fent
13,12,12,11,9,11,10,11,10,10,10,9,9,9,DS.steep.D,socr
24,23,21,20,21,21,19,16,14,14,11,10,10,10,DS.steep.D,sarg
22,22,20,19,18,20,18,15,15,13,14,11,11,11,DS.steep.D,swaz
36,34,32,31,30,29,25,25,16,15,16,12,15,12,DS.steep.D,puck
27,26,24,24,25,23,23,19,17,17,18,15,14,13,DS.steep.D,cura
44,41,40,39,35,34,33,35,26,23,17,22,17,14,DS.steep.D,gizm
48,46,45,44,45,44,43,43,40,31,29,14,12,15,DS.steep.D,razo
35,33,31,29,31,30,29,24,23,18,15,16,16,16,DS.steep.D,lore
52,49,47,47,46,45,42,37,32,28,26,17,22,17,DS.steep.D,hect
38,38,38,38,38,37,37,36,31,30,30,30,27,18,DS.steep.D,caba
47,45,44,43,39,39,32,20,21,21,20,24,19,19,DS.steep.D,funk
29,27,30,27,28,28,26,26,22,19,21,20,18,20,DS.steep.D,cola
53,50,49,46,44,40,34,32,27,24,22,18,21,21,DS.steep.D,cind
32,31,29,28,27,27,28,27,24,16,19,19,25,22,DS.steep.D,magn
14,13,13,13,11,10,9,10,11,11,13,23,24,23,DS.steep.D,phoe
16,16,16,15,15,16,13,12,12,12,12,13,13,24,DS.steep.D,holl
25,25,23,22,24,22,21,22,20,20,24,26,23,25,DS.steep.D,xavi
26,24,22,21,22,24,27,28,25,22,25,25,20,26,DS.steep.D,swee
50,48,48,48,47,46,44,42,38,33,37,31,31,27,DS.steep.D,oreo
46,44,42,41,41,43,40,41,37,35,34,32,32,28,DS.steep.D,home
51,51,50,49,49,50,48,48,43,41,40,41,38,29,DS.steep.D,guge
41,35,33,32,32,33,31,31,28,26,28,28,26,30,DS.steep.D,dori
43,42,41,40,43,42,41,40,36,34,35,35,33,31,DS.steep.D,egon
59,57,56,55,53,49,47,45,42,37,33,33,30,32,DS.steep.D,cact
58,56,55,54,54,53,49,44,41,39,36,36,29,33,DS.steep.D,omni
55,53,53,52,55,54,52,51,46,44,43,40,39,34,DS.steep.D,pean
49,47,46,45,48,47,46,47,44,40,39,37,37,35,DS.steep.D,wood
45,43,43,42,42,41,39,39,34,32,31,29,28,36,DS.steep.D,pino
62,60,59,58,58,57,55,53,49,46,44,42,40,37,DS.steep.D,daen
56,55,54,53,52,52,51,50,47,43,42,38,36,38,DS.steep.D,gats
57,54,52,51,51,48,45,46,39,36,38,34,34,39,DS.steep.D,fina
54,52,51,50,50,51,50,49,45,42,41,39,35,40,DS.steep.D,octo
60,58,57,56,56,55,54,54,50,47,46,44,42,41,DS.steep.D,dire
61,59,58,57,57,56,53,52,48,45,45,43,41,42,DS.steep.D,wolo
13,14,16,7,8,6,4,5,5,4,4,NA,NA,NA,P&C.4,fay
17,17,8,12,10,7,5,12,13,5,5,3,3,4,P&C.4,flyn
1,1,3,1,1,3,3,2,2,2,2,2,2,1,P&C.4,sash
26,28,24,29,24,25,22,23,22,23,24,38,NA,NA,P&C.4,ging
15,8,15,10,16,14,12,8,9,10,10,9,9,12,P&C.4,lucy
5,5,6,6,9,10,16,18,44,NA,NA,NA,NA,NA,P&C.4,mori
19,16,17,17,17,16,14,10,11,12,12,14,16,17,P&C.4,phoe
18,NA,NA,NA,NA,NA,NA,NA,NA,NA,NA,NA,NA,NA,P&C.4,lego
9,NA,NA,NA,NA,NA,NA,NA,NA,NA,NA,NA,NA,NA,P&C.4,max
29,29,29,31,30,37,NA,NA,NA,NA,NA,NA,NA,NA,P&C.4,carm
2,2,5,2,2,NA,NA,NA,NA,NA,NA,NA,NA,NA,P&C.4,scar
3,3,2,NA,NA,NA,NA,NA,NA,NA,NA,NA,NA,NA,P&C.4,larr
14,15,13,9,14,8,11,7,8,9,9,8,8,11,P&C.4,coco
7,6,45,22,51,31,42,44,NA,NA,NA,NA,NA,NA,P&C.4,bone
4,4,4,4,4,2,2,3,4,3,3,4,4,6,P&C.4,panc
32,27,22,28,21,23,20,17,16,14,18,18,18,20,P&C.4,dori
36,33,31,32,31,29,30,30,35,34,39,43,NA,NA,P&C.4,ocea
8,7,7,8,5,11,9,6,3,NA,NA,NA,NA,NA,P&C.4,tyle
30,23,20,27,19,18,17,14,14,NA,NA,NA,NA,NA,P&C.4,flo
38,37,39,36,35,33,33,31,25,22,21,20,22,13,P&C.4,gizm
12,12,11,15,13,13,6,13,6,6,6,5,6,7,P&C.4,spoc
24,18,9,13,11,9,8,NA,NA,NA,NA,NA,NA,NA,P&C.4,ring
35,32,30,30,27,27,28,27,32,28,25,NA,NA,NA,P&C.4,wokb
21,21,19,18,18,17,15,11,12,13,13,15,17,19,P&C.4,holl
11,13,12,5,7,5,7,4,7,7,7,6,5,9,P&C.4,saff
20,19,18,14,12,22,19,15,NA,NA,NA,NA,NA,NA,P&C.4,talu
25,20,14,16,15,12,10,46,NA,NA,NA,NA,NA,NA,P&C.4,gimp
46,45,42,40,38,40,37,33,29,30,26,23,28,33,P&C.4,hect
37,36,32,33,32,4,NA,NA,NA,NA,NA,NA,NA,NA,P&C.4,raje
33,35,26,23,25,21,24,25,19,20,15,16,20,2,P&C.4,puck
28,26,28,25,28,28,27,26,21,21,16,13,13,15,P&C.4,cola
22,10,NA,NA,NA,NA,NA,NA,NA,NA,NA,NA,NA,NA,P&C.4,schm
45,43,41,38,41,39,36,32,28,27,29,22,24,22,P&C.4,oreo
42,41,37,37,34,32,31,29,24,25,19,19,15,18,P&C.4,cind
44,44,44,43,40,38,35,35,27,26,27,21,23,23,P&C.4,fina
31,24,21,19,20,19,18,16,15,8,8,7,7,10,P&C.4,fent
57,55,54,53,53,52,48,48,43,42,41,37,37,39,P&C.4,wolo
41,34,34,35,46,48,53,54,NA,NA,NA,NA,NA,NA,P&C.4,uthe
52,51,50,49,45,44,44,39,37,35,32,30,30,34,P&C.4,cact
49,46,43,42,42,50,38,34,30,29,30,33,29,25,P&C.4,omni
51,50,49,48,48,47,43,41,39,38,38,29,32,30,P&C.4,pean
34,39,35,26,33,30,29,28,23,24,17,17,14,16,P&C.4,lore
10,11,10,11,6,15,13,9,10,11,11,12,12,5,P&C.4,socr
62,59,59,55,55,56,54,50,50,47,45,42,41,36,P&C.4,daen
23,25,23,20,23,24,21,19,17,16,28,26,21,27,P&C.4,swee
39,38,33,34,36,34,25,20,20,17,20,27,19,21,P&C.4,funk
53,52,51,50,49,49,46,47,42,41,40,36,36,38,P&C.4,gats
48,48,46,45,44,42,40,38,33,33,33,28,31,29,P&C.4,home
16,22,25,21,22,20,23,37,36,32,46,44,42,42,P&C.4,xavi
60,58,58,58,58,55,52,53,48,46,44,41,40,41,P&C.4,dire
58,57,57,57,56,54,50,51,47,45,42,39,39,40,P&C.4,wood
59,56,56,54,54,53,49,49,46,43,43,40,38,35,P&C.4,octo
43,42,38,39,37,35,32,22,26,15,22,25,26,24,P&C.4,magn
40,40,40,41,39,36,34,24,34,19,23,11,11,14,P&C.4,razo
27,31,27,24,26,26,26,21,18,18,14,10,10,8,P&C.4,sarg
50,49,48,47,47,43,41,40,38,36,34,31,33,28,P&C.4,caba
55,54,52,51,50,45,45,42,40,37,36,32,34,37,P&C.4,pino
56,53,53,52,52,46,47,43,41,40,37,35,35,32,P&C.4,guge
47,47,47,44,43,41,39,36,31,31,31,24,25,26,P&C.4,egon
6,9,1,3,3,1,1,1,1,1,1,1,1,3,P&C.4,swaz
NA,NA,NA,NA,NA,NA,NA,NA,NA,NA,NA,NA,NA,NA,P&C.4,macy
54,30,36,46,29,51,51,45,45,39,35,34,27,31,P&C.4,cura
NA,NA,NA,NA,NA,NA,NA,NA,NA,NA,NA,NA,NA,NA,P&C.4,rodr
NA,NA,NA,NA,NA,NA,NA,NA,NA,NA,NA,NA,NA,NA,P&C.4,balu
61,60,55,56,57,57,55,52,49,44,NA,NA,NA,NA,P&C.4,floinf15
NA,NA,NA,NA,NA,NA,NA,NA,NA,NA,NA,NA,NA,NA,P&C.4,nige
NA,NA,NA,NA,NA,NA,NA,NA,NA,NA,NA,NA,NA,NA,P&C.4,egm
15,13,15,10,6,10,5,5,5,4,4,NA,NA,NA,P&C.2,fay
10,15,9,12,8,4,6,14,14,5,5,3,2,3,P&C.2,flyn
2,1,3,1,4,1,1,3,3,1,1,2,4,2,P&C.2,sash
26,29,26,26,25,25,22,25,24,22,24,43,NA,NA,P&C.2,ging
11,11,14,9,14,14,15,9,9,9,10,9,11,12,P&C.2,lucy
6,7,6,5,11,12,17,22,10,NA,NA,NA,NA,NA,P&C.2,mori
19,20,16,17,17,16,14,11,11,11,12,14,16,18,P&C.2,phoe
17,NA,NA,NA,NA,NA,NA,NA,NA,NA,NA,NA,NA,NA,P&C.2,lego
9,NA,NA,NA,NA,NA,NA,NA,NA,NA,NA,NA,NA,NA,P&C.2,max
31,31,34,33,30,39,NA,NA,NA,NA,NA,NA,NA,NA,P&C.2,carm
3,3,4,3,1,NA,NA,NA,NA,NA,NA,NA,NA,NA,P&C.2,scar
4,5,2,NA,NA,NA,NA,NA,NA,NA,NA,NA,NA,NA,P&C.2,larr
16,10,13,8,13,11,13,8,8,8,9,8,10,11,P&C.2,coco
7,8,25,23,51,23,36,41,NA,NA,NA,NA,NA,NA,P&C.2,bone
5,6,5,4,3,5,3,2,4,3,3,4,3,4,P&C.2,panc
35,25,22,24,22,22,20,17,20,20,19,18,18,21,P&C.2,dori
37,32,30,30,31,31,27,34,36,38,38,35,NA,NA,P&C.2,ocea
8,9,7,6,9,6,8,4,2,NA,NA,NA,NA,NA,P&C.2,tyle
23,22,20,21,20,20,18,13,13,NA,NA,NA,NA,NA,P&C.2,flo
39,35,38,39,33,33,34,28,27,25,20,20,23,14,P&C.2,gizm
13,18,12,15,12,9,10,6,6,6,6,5,7,7,P&C.2,spoc
18,16,10,13,10,7,7,NA,NA,NA,NA,NA,NA,NA,P&C.2,ring
36,30,29,28,28,28,26,31,33,31,25,NA,NA,NA,P&C.2,wokb
22,21,19,18,18,19,16,12,12,12,13,15,17,20,P&C.2,holl
14,4,11,7,5,8,4,7,7,7,7,6,5,9,P&C.2,saff
20,17,17,14,15,18,19,15,NA,NA,NA,NA,NA,NA,P&C.2,talu
21,19,18,16,16,13,11,42,NA,NA,NA,NA,NA,NA,P&C.2,gimp
46,43,43,43,39,38,39,32,34,32,26,22,27,26,P&C.2,hect
38,34,32,34,32,2,NA,NA,NA,NA,NA,NA,NA,NA,P&C.2,raje
27,33,31,29,26,26,28,19,18,18,14,16,22,5,P&C.2,puck
30,28,33,31,29,29,29,24,19,19,17,13,14,16,P&C.2,cola
32,12,NA,NA,NA,NA,NA,NA,NA,NA,NA,NA,NA,NA,P&C.2,schm
45,42,42,42,37,37,38,30,30,29,29,21,25,23,P&C.2,oreo
42,40,39,37,36,32,32,27,26,24,22,19,19,19,P&C.2,cind
44,41,45,41,42,41,37,36,29,28,27,23,24,24,P&C.2,fina
24,24,21,22,21,21,12,16,16,14,8,7,9,10,P&C.2,fent
57,55,54,53,53,52,49,48,45,42,41,38,38,40,P&C.2,wolo
41,38,36,36,40,51,54,53,NA,NA,NA,NA,NA,NA,P&C.2,uthe
53,50,50,48,46,46,43,40,38,35,32,31,32,33,P&C.2,cact
49,44,44,45,41,40,44,35,37,27,30,34,28,28,P&C.2,omni
52,51,49,49,48,45,45,46,42,40,39,29,31,31,P&C.2,pean
34,36,37,32,34,30,31,26,25,23,18,17,15,17,P&C.2,lore
12,14,8,11,7,15,9,10,15,10,11,12,13,13,P&C.2,socr
61,59,58,58,55,56,53,52,48,47,45,42,40,35,P&C.2,daen
25,26,24,25,23,24,21,18,17,16,28,26,20,25,P&C.2,swee
40,37,35,35,38,35,30,20,21,21,15,27,21,22,P&C.2,funk
54,52,51,50,49,47,47,47,44,41,40,37,37,38,P&C.2,gats
48,47,47,44,43,43,41,39,35,34,33,28,30,30,P&C.2,home
28,23,23,20,19,17,23,38,32,33,46,44,36,41,P&C.2,xavi
60,58,57,56,57,55,52,51,50,46,44,41,42,42,P&C.2,dire
59,57,56,55,56,54,51,50,49,43,42,40,41,39,P&C.2,wood
58,56,55,54,54,53,50,49,47,44,43,39,39,34,P&C.2,octo
47,48,40,38,24,34,33,29,22,15,21,25,26,27,P&C.2,magn
43,39,41,40,35,36,35,33,28,26,23,11,12,15,P&C.2,razo
33,27,28,27,27,27,25,21,23,17,16,10,8,8,P&C.2,sarg
51,49,48,46,47,44,42,43,40,36,34,30,33,32,P&C.2,caba
55,54,52,51,50,48,46,44,43,37,35,33,34,37,P&C.2,pino
56,53,53,52,52,49,48,45,41,39,37,36,35,36,P&C.2,guge
50,46,46,47,44,42,40,37,31,30,31,24,29,29,P&C.2,egon
1,2,1,2,2,3,2,1,1,2,2,1,1,1,P&C.2,swaz
NA,NA,NA,NA,NA,NA,NA,NA,NA,NA,NA,NA,NA,NA,P&C.2,macy
29,45,27,19,45,50,24,23,39,13,36,32,6,6,P&C.2,cura
NA,NA,NA,NA,NA,NA,NA,NA,NA,NA,NA,NA,NA,NA,P&C.2,rodr
NA,NA,NA,NA,NA,NA,NA,NA,NA,NA,NA,NA,NA,NA,P&C.2,balu
62,60,59,57,58,57,55,54,46,45,NA,NA,NA,NA,P&C.2,floinf15
NA,NA,NA,NA,NA,NA,NA,NA,NA,NA,NA,NA,NA,NA,P&C.2,nige
NA,NA,NA,NA,NA,NA,NA,NA,NA,NA,NA,NA,NA,NA,P&C.2,egm
NA,NA,NA,NA,NA,NA,NA,NA,NA,NA,NA,NA,NA,NA,DS.elo.D,macy
NA,NA,NA,NA,NA,NA,NA,NA,NA,NA,NA,NA,NA,NA,DS.elo.D,nige
NA,NA,NA,NA,NA,NA,NA,NA,NA,NA,NA,NA,NA,NA,DS.elo.D,rodr
NA,NA,NA,NA,NA,NA,NA,NA,NA,NA,NA,NA,NA,NA,DS.elo.D,balu
NA,NA,NA,NA,NA,NA,NA,NA,NA,NA,NA,NA,NA,NA,DS.elo.D,egm
19,NA,NA,NA,NA,NA,NA,NA,NA,NA,NA,NA,NA,NA,DS.elo.D,max
28,NA,NA,NA,NA,NA,NA,NA,NA,NA,NA,NA,NA,NA,DS.elo.D,lego
23,20,NA,NA,NA,NA,NA,NA,NA,NA,NA,NA,NA,NA,DS.elo.D,schm
12,14,17,NA,NA,NA,NA,NA,NA,NA,NA,NA,NA,NA,DS.elo.D,larr
3,3,3,7,23,NA,NA,NA,NA,NA,NA,NA,NA,NA,DS.elo.D,scar
30,29,25,23,19,19,NA,NA,NA,NA,NA,NA,NA,NA,DS.elo.D,raje
34,32,34,36,34,31,NA,NA,NA,NA,NA,NA,NA,NA,DS.elo.D,carm
15,15,14,14,13,12,17,NA,NA,NA,NA,NA,NA,NA,DS.elo.D,ring
21,21,19,17,17,18,20,17,NA,NA,NA,NA,NA,NA,DS.elo.D,talu
17,17,15,16,14,14,12,18,NA,NA,NA,NA,NA,NA,DS.elo.D,gimp
18,18,26,25,26,26,24,23,NA,NA,NA,NA,NA,NA,DS.elo.D,bone
39,39,36,33,40,32,30,29,NA,NA,NA,NA,NA,NA,DS.elo.D,uthe
33,28,28,26,20,17,16,14,13,NA,NA,NA,NA,NA,DS.elo.D,flo
9,8,11,12,12,15,14,13,18,NA,NA,NA,NA,NA,DS.elo.D,tyle
7,7,7,10,10,9,15,21,19,NA,NA,NA,NA,NA,DS.elo.D,mori
37,37,37,37,36,36,36,33,30,25,NA,NA,NA,NA,DS.elo.D,floinf15
8,10,10,9,7,7,5,5,7,8,9,NA,NA,NA,DS.elo.D,fay
42,40,39,34,33,38,38,38,35,29,23,NA,NA,NA,DS.elo.D,wokb
31,30,27,30,29,25,22,30,29,27,27,21,NA,NA,DS.elo.D,ging
40,36,35,35,37,35,35,34,33,38,32,27,NA,NA,DS.elo.D,ocea
1,1,1,1,1,1,1,1,1,1,1,1,1,1,DS.elo.D,sash
2,2,2,2,2,2,2,2,2,2,2,2,2,2,DS.elo.D,panc
10,9,8,6,6,5,6,6,4,3,3,3,3,3,DS.elo.D,flyn
5,5,4,5,4,4,4,4,5,5,5,5,5,4,DS.elo.D,lucy
6,6,6,4,3,3,3,3,3,4,4,4,4,5,DS.elo.D,saff
4,4,5,3,5,6,7,7,6,6,6,7,6,6,DS.elo.D,coco
11,11,9,8,8,8,8,8,8,7,8,6,7,7,DS.elo.D,spoc
20,19,18,18,16,13,11,9,9,9,7,8,8,8,DS.elo.D,fent
13,12,12,11,9,11,10,11,10,10,10,9,9,9,DS.elo.D,socr
24,23,21,20,21,21,19,16,14,14,11,10,10,10,DS.elo.D,sarg
22,22,20,19,18,20,18,15,15,13,14,11,11,11,DS.elo.D,swaz
36,34,32,31,30,29,25,25,16,15,16,12,15,12,DS.elo.D,puck
27,26,24,24,25,23,23,19,17,17,18,15,14,13,DS.elo.D,cura
44,41,40,39,35,34,33,35,26,23,17,22,17,14,DS.elo.D,gizm
48,46,45,44,45,44,43,43,40,31,29,14,12,15,DS.elo.D,razo
35,33,31,29,31,30,29,24,23,18,15,16,16,16,DS.elo.D,lore
52,49,47,47,46,45,42,37,32,28,26,17,22,17,DS.elo.D,hect
38,38,38,38,38,37,37,36,31,30,30,30,27,18,DS.elo.D,caba
47,45,44,43,39,39,32,20,21,21,20,24,19,19,DS.elo.D,funk
29,27,30,27,28,28,26,26,22,19,21,20,18,20,DS.elo.D,cola
53,50,49,46,44,40,34,32,27,24,22,18,21,21,DS.elo.D,cind
32,31,29,28,27,27,28,27,24,16,19,19,25,22,DS.elo.D,magn
14,13,13,13,11,10,9,10,11,11,13,23,24,23,DS.elo.D,phoe
16,16,16,15,15,16,13,12,12,12,12,13,13,24,DS.elo.D,holl
25,25,23,22,24,22,21,22,20,20,24,26,23,25,DS.elo.D,xavi
26,24,22,21,22,24,27,28,25,22,25,25,20,26,DS.elo.D,swee
50,48,48,48,47,46,44,42,38,33,37,31,31,27,DS.elo.D,oreo
46,44,42,41,41,43,40,41,37,35,34,32,32,28,DS.elo.D,home
51,51,50,49,49,50,48,48,43,41,40,41,38,29,DS.elo.D,guge
41,35,33,32,32,33,31,31,28,26,28,28,26,30,DS.elo.D,dori
43,42,41,40,43,42,41,40,36,34,35,35,33,31,DS.elo.D,egon
59,57,56,55,53,49,47,45,42,37,33,33,30,32,DS.elo.D,cact
58,56,55,54,54,53,49,44,41,39,36,36,29,33,DS.elo.D,omni
55,53,53,52,55,54,52,51,46,44,43,40,39,34,DS.elo.D,pean
49,47,46,45,48,47,46,47,44,40,39,37,37,35,DS.elo.D,wood
45,43,43,42,42,41,39,39,34,32,31,29,28,36,DS.elo.D,pino
62,60,59,58,58,57,55,53,49,46,44,42,40,37,DS.elo.D,daen
56,55,54,53,52,52,51,50,47,43,42,38,36,38,DS.elo.D,gats
57,54,52,51,51,48,45,46,39,36,38,34,34,39,DS.elo.D,fina
54,52,51,50,50,51,50,49,45,42,41,39,35,40,DS.elo.D,octo
60,58,57,56,56,55,54,54,50,47,46,44,42,41,DS.elo.D,dire
61,59,58,57,57,56,53,52,48,45,45,43,41,42,DS.elo.D,wolo
NA,NA,NA,NA,NA,NA,NA,NA,NA,NA,NA,NA,NA,NA,DS.elo.P,macy
NA,NA,NA,NA,NA,NA,NA,NA,NA,NA,NA,NA,NA,NA,DS.elo.P,nige
NA,NA,NA,NA,NA,NA,NA,NA,NA,NA,NA,NA,NA,NA,DS.elo.P,rodr
NA,NA,NA,NA,NA,NA,NA,NA,NA,NA,NA,NA,NA,NA,DS.elo.P,balu
NA,NA,NA,NA,NA,NA,NA,NA,NA,NA,NA,NA,NA,NA,DS.elo.P,egm
20,NA,NA,NA,NA,NA,NA,NA,NA,NA,NA,NA,NA,NA,DS.elo.P,max
32,NA,NA,NA,NA,NA,NA,NA,NA,NA,NA,NA,NA,NA,DS.elo.P,lego
27,21,NA,NA,NA,NA,NA,NA,NA,NA,NA,NA,NA,NA,DS.elo.P,schm
13,14,16,NA,NA,NA,NA,NA,NA,NA,NA,NA,NA,NA,DS.elo.P,larr
3,3,3,4,22,NA,NA,NA,NA,NA,NA,NA,NA,NA,DS.elo.P,scar
29,28,22,23,23,20,NA,NA,NA,NA,NA,NA,NA,NA,DS.elo.P,raje
33,33,36,36,37,33,NA,NA,NA,NA,NA,NA,NA,NA,DS.elo.P,carm
15,15,14,13,13,11,16,NA,NA,NA,NA,NA,NA,NA,DS.elo.P,ring
19,19,18,17,15,18,21,17,NA,NA,NA,NA,NA,NA,DS.elo.P,talu
16,16,15,15,11,13,12,22,NA,NA,NA,NA,NA,NA,DS.elo.P,gimp
18,18,28,27,27,27,26,24,NA,NA,NA,NA,NA,NA,DS.elo.P,bone
40,38,37,35,41,35,32,33,NA,NA,NA,NA,NA,NA,DS.elo.P,uthe
30,26,29,24,20,17,17,13,13,NA,NA,NA,NA,NA,DS.elo.P,flo
8,8,9,12,14,14,14,14,20,NA,NA,NA,NA,NA,DS.elo.P,tyle
7,7,7,9,10,9,15,27,21,NA,NA,NA,NA,NA,DS.elo.P,mori
45,44,43,42,43,42,41,40,35,29,NA,NA,NA,NA,DS.elo.P,floinf15
11,12,12,10,7,6,4,4,5,7,9,NA,NA,NA,DS.elo.P,fay
37,37,35,34,33,36,35,35,36,27,26,NA,NA,NA,DS.elo.P,wokb
28,29,25,29,25,22,18,30,29,32,29,24,NA,NA,DS.elo.P,ging
35,32,30,30,32,30,31,31,31,38,37,28,NA,NA,DS.elo.P,ocea
1,1,1,1,1,1,1,1,1,1,1,1,1,1,DS.elo.P,sash
2,2,2,2,2,2,2,2,2,2,2,2,2,2,DS.elo.P,panc
9,10,10,7,5,4,5,6,4,3,3,3,3,3,DS.elo.P,flyn
5,5,4,6,4,5,6,5,6,5,5,7,5,4,DS.elo.P,lucy
6,6,5,3,3,3,3,3,3,4,4,4,4,5,DS.elo.P,saff
10,9,8,8,8,8,7,9,8,8,8,5,7,6,DS.elo.P,spoc
4,4,6,5,6,7,8,7,7,6,6,6,6,7,DS.elo.P,coco
21,20,19,18,16,15,11,8,9,9,7,8,8,8,DS.elo.P,fent
12,11,11,11,9,12,10,11,10,10,10,9,9,9,DS.elo.P,socr
25,25,23,21,21,23,20,16,15,14,13,10,10,10,DS.elo.P,sarg
42,40,40,39,38,40,38,37,33,26,27,12,12,11,DS.elo.P,razo
22,22,20,19,19,19,19,15,14,13,14,13,13,12,DS.elo.P,swaz
38,35,33,31,28,28,28,20,16,16,15,14,16,13,DS.elo.P,puck
44,41,39,37,35,34,36,36,28,25,17,18,17,14,DS.elo.P,gizm
31,30,27,26,26,26,24,23,22,20,22,19,19,15,DS.elo.P,cura
24,24,26,25,29,25,25,21,19,15,18,17,21,16,DS.elo.P,cola
17,17,17,16,17,16,13,12,12,12,11,11,11,17,DS.elo.P,holl
50,48,46,44,44,45,39,34,30,28,24,23,24,18,DS.elo.P,hect
36,36,34,33,34,32,30,28,27,22,16,16,18,19,DS.elo.P,lore
46,43,41,40,36,38,33,18,17,18,20,25,20,20,DS.elo.P,funk
51,49,48,47,42,37,34,32,25,19,19,15,14,21,DS.elo.P,cind
34,31,31,28,30,29,27,26,24,17,21,21,26,22,DS.elo.P,magn
43,42,42,41,40,41,40,41,39,35,32,34,33,23,DS.elo.P,caba
39,34,32,32,31,31,29,25,18,23,23,22,15,24,DS.elo.P,dori
14,13,13,14,12,10,9,10,11,11,12,20,23,25,DS.elo.P,phoe
26,27,24,22,24,24,22,19,23,21,25,26,25,26,DS.elo.P,xavi
48,46,45,45,46,44,44,39,37,30,36,29,29,27,DS.elo.P,oreo
23,23,21,20,18,21,23,29,26,24,28,27,22,28,DS.elo.P,swee
41,39,38,38,39,39,37,38,34,33,30,32,27,29,DS.elo.P,egon
54,52,51,50,52,49,48,47,43,40,39,41,36,30,DS.elo.P,guge
52,50,49,48,48,47,45,42,32,31,31,30,28,31,DS.elo.P,fina
47,45,44,43,45,43,42,45,42,39,38,35,34,32,DS.elo.P,home
59,57,56,55,50,48,46,46,41,36,34,36,32,33,DS.elo.P,cact
56,54,53,52,54,53,51,50,44,43,43,40,39,34,DS.elo.P,pean
57,55,54,53,53,52,47,43,38,34,33,33,30,35,DS.elo.P,omni
53,51,50,49,51,50,49,49,45,41,41,38,38,36,DS.elo.P,wood
49,47,47,46,47,46,43,44,40,37,35,31,31,37,DS.elo.P,pino
55,53,52,51,49,51,50,48,46,42,40,37,35,38,DS.elo.P,gats
62,60,59,58,58,57,55,53,49,46,44,42,40,39,DS.elo.P,daen
58,56,55,54,55,54,52,51,47,44,42,39,37,40,DS.elo.P,octo
60,58,57,56,56,55,54,54,50,47,46,44,42,41,DS.elo.P,dire
61,59,58,57,57,56,53,52,48,45,45,43,41,42,DS.elo.P,wolo
NA,NA,NA,NA,NA,NA,NA,NA,NA,NA,NA,NA,NA,NA,DS.compete.D,macy
NA,NA,NA,NA,NA,NA,NA,NA,NA,NA,NA,NA,NA,NA,DS.compete.D,nige
NA,NA,NA,NA,NA,NA,NA,NA,NA,NA,NA,NA,NA,NA,DS.compete.D,rodr
NA,NA,NA,NA,NA,NA,NA,NA,NA,NA,NA,NA,NA,NA,DS.compete.D,balu
NA,NA,NA,NA,NA,NA,NA,NA,NA,NA,NA,NA,NA,NA,DS.compete.D,egm
18,NA,NA,NA,NA,NA,NA,NA,NA,NA,NA,NA,NA,NA,DS.compete.D,max
28,NA,NA,NA,NA,NA,NA,NA,NA,NA,NA,NA,NA,NA,DS.compete.D,lego
19,18,NA,NA,NA,NA,NA,NA,NA,NA,NA,NA,NA,NA,DS.compete.D,schm
11,14,16,NA,NA,NA,NA,NA,NA,NA,NA,NA,NA,NA,DS.compete.D,larr
3,3,4,8,21,NA,NA,NA,NA,NA,NA,NA,NA,NA,DS.compete.D,scar
23,22,18,17,16,18,NA,NA,NA,NA,NA,NA,NA,NA,DS.compete.D,raje
34,36,35,35,38,30,NA,NA,NA,NA,NA,NA,NA,NA,DS.compete.D,carm
13,11,11,12,12,12,15,NA,NA,NA,NA,NA,NA,NA,DS.compete.D,ring
22,20,20,19,17,17,18,19,NA,NA,NA,NA,NA,NA,DS.compete.D,talu
16,16,15,15,14,15,12,20,NA,NA,NA,NA,NA,NA,DS.compete.D,gimp
17,17,26,25,25,24,23,26,NA,NA,NA,NA,NA,NA,DS.compete.D,bone
32,30,28,26,27,32,27,27,NA,NA,NA,NA,NA,NA,DS.compete.D,uthe
39,34,36,34,32,29,29,33,17,NA,NA,NA,NA,NA,DS.compete.D,flo
8,8,9,10,11,11,14,12,21,NA,NA,NA,NA,NA,DS.compete.D,tyle
4,4,5,7,7,9,13,14,23,NA,NA,NA,NA,NA,DS.compete.D,mori
40,38,37,37,39,38,37,34,30,27,NA,NA,NA,NA,DS.compete.D,floinf15
14,13,13,11,9,7,7,7,7,9,10,NA,NA,NA,DS.compete.D,fay
47,44,42,40,41,41,38,38,34,30,28,NA,NA,NA,DS.compete.D,wokb
36,33,31,32,33,34,30,35,29,25,29,21,NA,NA,DS.compete.D,ging
54,52,49,49,48,44,40,40,36,37,33,25,NA,NA,DS.compete.D,ocea
1,1,1,1,1,1,1,1,1,1,1,1,1,1,DS.compete.D,sash
2,2,2,2,2,2,2,2,2,2,2,2,2,2,DS.compete.D,panc
5,5,3,3,3,3,3,3,3,3,3,3,3,3,DS.compete.D,flyn
9,9,8,6,5,5,5,5,4,4,4,4,4,4,DS.compete.D,saff
6,6,6,4,4,4,4,4,5,5,5,5,5,5,DS.compete.D,lucy
7,7,7,5,6,6,6,6,6,6,6,6,6,6,DS.compete.D,coco
12,12,12,13,10,13,11,10,10,10,9,9,8,7,DS.compete.D,socr
10,10,10,9,8,8,8,8,8,7,8,7,7,8,DS.compete.D,spoc
20,19,17,16,15,14,9,9,9,8,7,8,9,9,DS.compete.D,fent
30,28,27,27,28,26,25,25,20,15,19,10,10,10,DS.compete.D,razo
24,23,21,20,19,19,17,16,14,16,13,12,11,11,DS.compete.D,swaz
42,40,40,38,35,35,28,29,24,21,16,14,18,12,DS.compete.D,puck
37,37,33,31,29,28,32,30,25,22,15,13,12,13,DS.compete.D,gizm
33,31,30,29,30,31,31,28,26,24,20,16,14,14,DS.compete.D,sarg
26,26,25,24,24,23,22,21,19,19,17,18,13,15,DS.compete.D,cura
35,32,32,30,31,27,26,23,18,17,14,17,15,16,DS.compete.D,lore
45,43,43,42,42,39,33,15,13,12,11,15,16,17,DS.compete.D,funk
29,25,23,21,20,20,19,13,12,11,12,11,17,18,DS.compete.D,cola
41,39,39,39,40,40,39,37,33,29,30,29,27,19,DS.compete.D,caba
27,27,24,23,23,21,21,18,16,14,18,19,20,20,DS.compete.D,magn
51,49,48,47,46,48,44,39,37,33,27,22,21,21,DS.compete.D,hect
43,42,41,41,37,33,34,31,27,23,21,20,19,22,DS.compete.D,cind
38,35,34,33,34,36,35,32,31,28,26,28,25,23,DS.compete.D,egon
25,24,22,22,22,22,20,22,22,20,24,23,22,24,DS.compete.D,xavi
21,21,19,18,18,16,16,17,15,18,23,24,23,25,DS.compete.D,holl
46,45,44,43,43,42,41,41,38,36,34,34,28,26,DS.compete.D,home
55,53,52,51,51,51,51,50,45,41,39,31,33,27,DS.compete.D,oreo
15,15,14,14,13,10,10,11,11,13,22,27,26,28,DS.compete.D,phoe
60,58,57,56,54,52,49,46,40,34,32,33,29,29,DS.compete.D,cact
31,29,29,28,26,25,24,24,28,26,25,26,24,30,DS.compete.D,swee
56,54,53,52,53,50,47,48,44,42,43,39,37,31,DS.compete.D,pean
59,56,55,54,55,54,50,44,41,38,36,38,32,32,DS.compete.D,omni
52,51,51,50,50,49,48,49,46,43,42,41,39,33,DS.compete.D,guge
49,46,45,44,45,46,45,45,43,39,40,36,35,34,DS.compete.D,wood
50,48,47,46,47,47,46,47,42,40,38,32,30,35,DS.compete.D,octo
44,41,38,36,36,37,36,36,32,31,35,37,36,36,DS.compete.D,dori
57,55,54,53,52,53,52,51,48,44,41,40,38,37,DS.compete.D,gats
62,60,59,58,58,57,55,53,49,46,45,42,41,38,DS.compete.D,daen
53,50,50,48,49,45,43,43,35,32,31,30,31,39,DS.compete.D,fina
48,47,46,45,44,43,42,42,39,35,37,35,34,40,DS.compete.D,pino
58,57,56,55,56,55,53,52,47,45,44,43,40,41,DS.compete.D,wolo
61,59,58,57,57,56,54,54,50,47,46,44,42,42,DS.compete.D,dire
NA,NA,NA,NA,NA,NA,NA,NA,NA,NA,NA,NA,NA,NA,DS.compete.P,macy
NA,NA,NA,NA,NA,NA,NA,NA,NA,NA,NA,NA,NA,NA,DS.compete.P,nige
NA,NA,NA,NA,NA,NA,NA,NA,NA,NA,NA,NA,NA,NA,DS.compete.P,rodr
NA,NA,NA,NA,NA,NA,NA,NA,NA,NA,NA,NA,NA,NA,DS.compete.P,balu
NA,NA,NA,NA,NA,NA,NA,NA,NA,NA,NA,NA,NA,NA,DS.compete.P,egm
20,NA,NA,NA,NA,NA,NA,NA,NA,NA,NA,NA,NA,NA,DS.compete.P,max
28,NA,NA,NA,NA,NA,NA,NA,NA,NA,NA,NA,NA,NA,DS.compete.P,lego
21,20,NA,NA,NA,NA,NA,NA,NA,NA,NA,NA,NA,NA,DS.compete.P,schm
10,15,17,NA,NA,NA,NA,NA,NA,NA,NA,NA,NA,NA,DS.compete.P,larr
3,3,3,8,22,NA,NA,NA,NA,NA,NA,NA,NA,NA,DS.compete.P,scar
22,21,18,17,17,21,NA,NA,NA,NA,NA,NA,NA,NA,DS.compete.P,raje
34,35,36,36,40,34,NA,NA,NA,NA,NA,NA,NA,NA,DS.compete.P,carm
12,10,10,9,12,12,14,NA,NA,NA,NA,NA,NA,NA,DS.compete.P,ring
19,18,19,18,16,17,17,21,NA,NA,NA,NA,NA,NA,DS.compete.P,talu
16,14,14,15,13,11,10,24,NA,NA,NA,NA,NA,NA,DS.compete.P,gimp
17,19,26,27,28,26,25,26,NA,NA,NA,NA,NA,NA,DS.compete.P,bone
32,30,29,24,24,36,33,31,NA,NA,NA,NA,NA,NA,DS.compete.P,uthe
36,33,37,35,34,32,29,35,18,NA,NA,NA,NA,NA,DS.compete.P,flo
6,6,9,10,10,10,15,12,20,NA,NA,NA,NA,NA,DS.compete.P,tyle
4,4,4,3,6,6,11,15,22,NA,NA,NA,NA,NA,DS.compete.P,mori
46,44,42,42,43,43,41,39,33,30,NA,NA,NA,NA,DS.compete.P,floinf15
15,16,15,13,9,9,7,6,8,10,10,NA,NA,NA,DS.compete.P,fay
41,39,38,37,38,39,37,36,34,31,31,NA,NA,NA,DS.compete.P,wokb
33,31,30,31,31,28,26,34,31,27,30,22,NA,NA,DS.compete.P,ging
48,46,44,43,44,40,38,38,35,36,36,28,NA,NA,DS.compete.P,ocea
1,1,1,1,1,1,1,1,1,1,1,1,1,1,DS.compete.P,sash
2,2,2,2,2,2,2,2,2,2,2,2,2,2,DS.compete.P,panc
5,5,5,4,3,3,3,3,3,3,3,3,3,3,DS.compete.P,flyn
9,8,8,5,4,4,4,4,4,4,4,4,4,4,DS.compete.P,saff
7,7,6,6,5,5,5,5,5,5,5,6,5,5,DS.compete.P,lucy
11,11,11,11,8,8,6,9,9,7,8,5,7,6,DS.compete.P,spoc
8,9,7,7,7,7,8,7,6,6,6,7,6,7,DS.compete.P,coco
13,12,12,12,11,15,13,10,10,9,9,9,9,8,DS.compete.P,socr
18,17,16,16,15,14,9,8,7,8,7,8,8,9,DS.compete.P,fent
30,28,25,25,26,24,23,19,17,16,17,10,10,10,DS.compete.P,razo
24,24,21,21,19,19,19,17,15,17,13,12,11,11,DS.compete.P,swaz
38,37,34,29,29,27,28,29,23,19,16,13,12,12,DS.compete.P,gizm
35,32,31,30,30,31,31,27,27,24,23,17,14,13,DS.compete.P,sarg
45,41,40,38,36,37,34,28,26,23,21,18,20,14,DS.compete.P,puck
25,23,22,20,21,18,18,13,13,11,12,11,18,15,DS.compete.P,cola
43,42,41,40,39,38,27,16,14,14,11,14,13,16,DS.compete.P,funk
29,27,27,26,27,25,24,25,24,22,22,21,19,17,DS.compete.P,cura
27,25,23,22,20,20,20,18,16,15,19,20,22,18,DS.compete.P,magn
39,36,33,32,35,30,30,23,19,18,15,16,16,19,DS.compete.P,lore
42,40,39,39,37,29,35,30,25,21,18,15,15,20,DS.compete.P,cind
37,34,32,33,33,33,36,32,29,25,25,26,21,21,DS.compete.P,egon
49,48,45,44,42,45,42,41,39,35,28,23,24,22,DS.compete.P,hect
23,22,20,19,18,16,16,14,12,13,14,19,17,23,DS.compete.P,holl
44,43,43,41,41,42,40,40,37,34,32,32,34,24,DS.compete.P,caba
26,26,24,23,23,23,21,22,21,20,24,24,23,25,DS.compete.P,xavi
53,51,49,49,49,46,47,45,41,38,35,30,29,26,DS.compete.P,oreo
40,38,35,34,32,35,32,33,30,28,29,31,28,27,DS.compete.P,dori
14,13,13,14,14,13,12,11,11,12,20,25,27,28,DS.compete.P,phoe
56,54,53,52,54,51,45,47,43,42,43,40,38,29,DS.compete.P,pean
47,45,46,46,45,44,43,44,40,37,37,36,31,30,DS.compete.P,home
60,58,57,56,55,53,49,42,38,32,33,34,30,31,DS.compete.P,cact
31,29,28,28,25,22,22,20,28,26,27,29,25,32,DS.compete.P,swee
50,47,47,45,46,41,39,37,32,29,26,27,26,33,DS.compete.P,fina
58,56,55,54,53,54,51,43,36,33,34,33,32,34,DS.compete.P,omni
51,49,48,47,47,47,46,48,45,41,40,38,36,35,DS.compete.P,wood
55,53,52,51,51,50,50,49,44,40,41,41,39,36,DS.compete.P,guge
54,52,51,50,50,49,48,50,46,43,39,35,33,37,DS.compete.P,octo
57,55,54,53,52,52,52,51,48,44,42,39,37,38,DS.compete.P,gats
62,60,59,58,58,57,54,53,49,46,45,42,40,39,DS.compete.P,daen
59,57,56,55,56,55,53,52,47,45,44,43,41,40,DS.compete.P,wolo
52,50,50,48,48,48,44,46,42,39,38,37,35,41,DS.compete.P,pino
61,59,58,57,57,56,55,54,50,47,46,44,42,42,DS.compete.P,dire
30,NA,NA,NA,NA,NA,NA,NA,NA,NA,NA,NA,NA,NA,BI,max
39,NA,NA,NA,NA,NA,NA,NA,NA,NA,NA,NA,NA,NA,BI,lego
40,23,NA,NA,NA,NA,NA,NA,NA,NA,NA,NA,NA,NA,BI,schm
4,5,3,NA,NA,NA,NA,NA,NA,NA,NA,NA,NA,NA,BI,larr
2,2,2,2,15,NA,NA,NA,NA,NA,NA,NA,NA,NA,BI,scar
26,28,23,22,21,14,NA,NA,NA,NA,NA,NA,NA,NA,BI,raje
46,45,44,45,44,51,NA,NA,NA,NA,NA,NA,NA,NA,BI,carm
18,18,17,16,16,17,16,NA,NA,NA,NA,NA,NA,NA,BI,ring
22,21,19,18,18,18,23,14,NA,NA,NA,NA,NA,NA,BI,talu
19,19,18,17,17,16,13,30,NA,NA,NA,NA,NA,NA,BI,gimp
17,16,40,38,40,40,39,38,NA,NA,NA,NA,NA,NA,BI,bone
43,43,41,41,47,45,53,51,NA,NA,NA,NA,NA,NA,BI,uthe
21,20,20,19,19,19,17,15,13,NA,NA,NA,NA,NA,BI,flo
9,11,11,10,9,11,14,13,14,NA,NA,NA,NA,NA,BI,tyle
16,17,16,15,14,15,15,27,32,NA,NA,NA,NA,NA,BI,mori
58,56,55,54,54,54,51,50,45,43,NA,NA,NA,NA,BI,floinf15
3,3,4,3,2,2,2,2,2,2,2,NA,NA,NA,BI,fay
44,41,39,39,38,37,37,37,35,33,29,NA,NA,NA,BI,wokb
38,38,36,35,35,34,33,33,29,27,28,32,NA,NA,BI,ging
51,49,48,47,48,46,44,44,41,40,41,41,NA,NA,BI,ocea
1,1,1,1,1,1,1,1,1,1,1,1,1,1,BI,sash
7,7,7,6,5,5,5,5,5,5,4,3,3,2,BI,swaz
5,4,5,4,3,3,3,3,3,3,3,2,2,3,BI,flyn
6,6,6,5,4,4,4,4,4,4,5,4,4,4,BI,panc
8,8,8,7,6,6,6,6,6,6,6,5,5,5,BI,saff
10,10,10,9,7,9,8,8,8,8,7,7,7,6,BI,socr
14,14,14,13,12,12,11,11,11,11,10,8,6,7,BI,sarg
25,25,24,23,23,22,20,19,17,15,13,12,14,8,BI,puck
11,9,9,8,8,7,7,7,7,7,8,6,8,9,BI,spoc
13,13,13,12,11,10,10,10,10,10,11,10,10,10,BI,lucy
15,15,15,14,13,13,12,12,12,12,12,11,11,11,BI,fent
12,12,12,11,10,8,9,9,9,9,9,9,9,12,BI,coco
23,24,22,21,22,21,19,17,16,14,15,13,12,13,BI,cola
20,22,21,20,20,20,18,16,15,13,14,14,13,14,BI,phoe
31,31,27,26,26,25,22,20,19,18,18,17,18,15,BI,gizm
27,27,25,24,24,23,21,18,18,16,16,15,15,16,BI,egon
34,34,31,29,29,28,27,22,22,22,22,19,20,17,BI,cind
33,32,29,27,28,26,25,21,20,21,19,16,17,18,BI,lore
36,37,35,33,32,31,29,23,24,24,17,23,16,19,BI,funk
37,36,33,31,33,32,28,26,25,23,23,21,21,20,BI,razo
32,33,30,28,27,27,26,25,23,20,21,22,19,21,BI,holl
42,39,37,36,36,35,34,31,28,26,26,20,25,22,BI,hect
29,30,28,30,30,30,31,29,27,25,25,24,23,23,BI,cura
35,35,32,32,31,29,30,28,26,17,20,18,22,24,BI,magn
45,42,42,40,39,38,36,35,33,30,31,27,27,25,BI,oreo
41,40,38,37,37,36,35,34,30,28,27,26,26,26,BI,dori
47,44,43,42,41,39,38,36,34,31,30,28,28,27,BI,caba
24,26,26,25,25,24,24,24,21,19,24,25,24,28,BI,swee
48,46,45,43,42,41,40,39,36,32,33,30,29,29,BI,fina
53,51,50,49,49,47,45,43,40,37,36,34,30,30,BI,omni
49,47,46,44,43,42,41,40,37,34,32,29,33,31,BI,home
57,55,54,53,53,52,49,48,44,42,40,39,35,32,BI,guge
52,50,49,48,46,43,42,42,38,35,34,33,32,33,BI,cact
54,52,51,50,50,48,46,45,42,38,39,35,34,34,BI,pean
28,29,34,34,34,33,32,32,31,29,37,36,36,35,BI,xavi
60,58,56,55,56,53,50,49,47,44,43,38,37,36,BI,daen
50,48,47,46,45,44,43,41,39,36,35,31,31,37,BI,pino
55,53,52,51,51,49,48,47,46,41,42,40,39,38,BI,gats
56,54,53,52,52,50,47,46,43,39,38,37,38,39,BI,wolo
59,57,57,56,55,55,52,52,48,45,44,42,40,40,BI,octo
61,59,58,57,57,56,54,53,49,46,45,43,41,41,BI,wood
62,60,59,58,58,57,55,54,50,47,46,44,42,42,BI,dire
NA,NA,NA,NA,NA,NA,NA,NA,NA,NA,NA,NA,NA,NA,BI,macy
NA,NA,NA,NA,NA,NA,NA,NA,NA,NA,NA,NA,NA,NA,BI,balu
NA,NA,NA,NA,NA,NA,NA,NA,NA,NA,NA,NA,NA,NA,BI,rodr
NA,NA,NA,NA,NA,NA,NA,NA,NA,NA,NA,NA,NA,NA,BI,egm
NA,NA,NA,NA,NA,NA,NA,NA,NA,NA,NA,NA,NA,NA,BI,nige
NA,NA,NA,NA,NA,NA,NA,NA,NA,NA,NA,NA,NA,NA,Elo.original,fay
NA,NA,NA,NA,NA,NA,NA,NA,NA,NA,NA,NA,NA,NA,Elo.original,ging
NA,NA,NA,NA,NA,NA,NA,NA,NA,NA,NA,NA,NA,NA,Elo.original,mori
NA,NA,NA,NA,NA,NA,NA,NA,NA,NA,NA,NA,NA,NA,Elo.original,lego
NA,NA,NA,NA,NA,NA,NA,NA,NA,NA,NA,NA,NA,NA,Elo.original,max
NA,NA,NA,NA,NA,NA,NA,NA,NA,NA,NA,NA,NA,NA,Elo.original,carm
NA,NA,NA,NA,NA,NA,NA,NA,NA,NA,NA,NA,NA,NA,Elo.original,scar
NA,NA,NA,NA,NA,NA,NA,NA,NA,NA,NA,NA,NA,NA,Elo.original,larr
NA,NA,NA,NA,NA,NA,NA,NA,NA,NA,NA,NA,NA,NA,Elo.original,bone
NA,NA,NA,NA,NA,NA,NA,NA,NA,NA,NA,NA,NA,NA,Elo.original,ocea
NA,NA,NA,NA,NA,NA,NA,NA,NA,NA,NA,NA,NA,NA,Elo.original,tyle
NA,NA,NA,NA,NA,NA,NA,NA,NA,NA,NA,NA,NA,NA,Elo.original,flo
NA,NA,NA,NA,NA,NA,NA,NA,NA,NA,NA,NA,NA,NA,Elo.original,ring
NA,NA,NA,NA,NA,NA,NA,NA,NA,NA,NA,NA,NA,NA,Elo.original,wokb
NA,NA,NA,NA,NA,NA,NA,NA,NA,NA,NA,NA,NA,NA,Elo.original,talu
NA,NA,NA,NA,NA,NA,NA,NA,NA,NA,NA,NA,NA,NA,Elo.original,gimp
NA,NA,NA,NA,NA,NA,NA,NA,NA,NA,NA,NA,NA,NA,Elo.original,raje
NA,NA,NA,NA,NA,NA,NA,NA,NA,NA,NA,NA,NA,NA,Elo.original,puck
NA,NA,NA,NA,NA,NA,NA,NA,NA,NA,NA,NA,NA,NA,Elo.original,schm
NA,NA,NA,NA,NA,NA,NA,NA,NA,NA,NA,NA,NA,NA,Elo.original,uthe
NA,NA,NA,NA,NA,NA,NA,NA,NA,NA,NA,NA,NA,NA,Elo.original,macy
NA,NA,NA,NA,NA,NA,NA,NA,NA,NA,NA,NA,NA,NA,Elo.original,nige
NA,NA,NA,NA,NA,NA,NA,NA,NA,NA,NA,NA,NA,NA,Elo.original,rodr
NA,NA,NA,NA,NA,NA,NA,NA,NA,NA,NA,NA,NA,NA,Elo.original,floinf15
NA,NA,NA,NA,NA,NA,NA,NA,NA,NA,NA,NA,NA,NA,Elo.original,balu
NA,NA,NA,NA,NA,NA,NA,NA,NA,NA,NA,NA,NA,NA,Elo.original,egm
1,1,1,1,1,1,1,1,1,1,1,1,1,1,Elo.original,sash
2,2,2,2,2,2,2,2,2,2,2,2,2,2,Elo.original,socr
3,3,3,3,3,3,3,3,3,3,3,3,3,3,Elo.original,panc
4,4,4,4,4,4,4,4,4,4,4,4,4,4,Elo.original,flyn
6,6,6,6,6,6,6,6,6,6,6,6,6,5,Elo.original,spoc
5,5,5,5,5,5,5,5,5,5,5,5,5,6,Elo.original,sarg
8,8,8,8,8,8,8,8,8,8,8,8,8,7,Elo.original,lucy
7,7,7,7,7,7,7,7,7,7,7,7,7,8,Elo.original,saff
9,9,9,9,9,9,9,9,9,9,9,9,9,9,Elo.original,coco
11,11,11,11,11,11,11,11,11,11,11,11,10,10,Elo.original,cola
10,10,10,10,10,10,10,10,10,10,10,10,11,11,Elo.original,fent
12,12,12,12,12,12,12,12,12,12,12,12,12,12,Elo.original,swaz
13,13,13,13,13,13,13,13,13,13,13,13,13,13,Elo.original,egon
15,15,15,15,15,15,15,15,15,15,15,15,15,14,Elo.original,lore
14,14,14,14,14,14,14,14,14,14,14,14,14,15,Elo.original,phoe
16,16,16,16,16,16,16,16,16,16,16,16,16,16,Elo.original,gizm
20,20,20,20,20,20,20,20,20,20,20,20,20,17,Elo.original,hect
18,18,18,18,18,18,18,18,18,18,18,18,18,18,Elo.original,razo
17,17,17,17,17,17,17,17,17,17,17,17,17,19,Elo.original,holl
19,19,19,19,19,19,19,19,19,19,19,19,19,20,Elo.original,funk
28,28,28,28,28,28,28,28,28,28,28,28,28,21,Elo.original,caba
21,21,21,21,21,21,21,22,21,21,21,21,21,22,Elo.original,cura
23,23,23,23,23,23,22,21,22,22,22,22,22,23,Elo.original,magn
24,24,24,24,24,24,24,23,23,23,23,23,23,24,Elo.original,cind
26,26,26,26,26,26,26,26,26,26,26,26,26,25,Elo.original,oreo
25,25,25,25,25,25,25,25,24,24,24,24,24,26,Elo.original,swee
22,22,22,22,22,22,23,24,25,25,25,25,25,27,Elo.original,xavi
27,27,27,27,27,27,27,27,27,27,27,27,27,28,Elo.original,dori
29,29,29,29,29,29,29,29,29,29,29,29,29,29,Elo.original,omni
32,32,32,32,32,32,32,32,32,32,32,32,31,30,Elo.original,guge
30,30,30,30,30,30,30,30,30,30,30,30,30,31,Elo.original,home
33,33,33,33,33,33,33,33,33,33,33,33,33,32,Elo.original,pino
35,35,35,35,35,35,35,35,35,35,35,35,35,33,Elo.original,pean
31,31,31,31,31,31,31,31,31,31,31,31,32,34,Elo.original,fina
36,36,36,36,36,36,36,36,36,36,36,36,36,35,Elo.original,daen
39,39,39,39,39,39,39,39,40,38,38,37,37,36,Elo.original,wood
34,34,34,34,34,34,34,34,34,34,34,34,34,37,Elo.original,cact
37,37,37,37,37,37,37,37,37,37,37,38,38,38,Elo.original,gats
38,38,38,38,38,38,38,38,38,39,40,40,40,39,Elo.original,wolo
40,40,40,40,40,40,40,40,39,40,39,39,39,40,Elo.original,octo
41,41,41,41,41,41,41,41,41,41,41,41,41,41,Elo.original,dire
NA,NA,NA,NA,NA,NA,NA,NA,NA,NA,NA,NA,NA,NA,K.fixed,macy
NA,NA,NA,NA,NA,NA,NA,NA,NA,NA,NA,NA,NA,NA,K.fixed,rodr
NA,NA,NA,NA,NA,NA,NA,NA,NA,NA,NA,NA,NA,NA,K.fixed,balu
NA,NA,NA,NA,NA,NA,NA,NA,NA,NA,NA,NA,NA,NA,K.fixed,nige
NA,NA,NA,NA,NA,NA,NA,NA,NA,NA,NA,NA,NA,NA,K.fixed,egm
26,NA,NA,NA,NA,NA,NA,NA,NA,NA,NA,NA,NA,NA,K.fixed,max
38,NA,NA,NA,NA,NA,NA,NA,NA,NA,NA,NA,NA,NA,K.fixed,lego
31,27,NA,NA,NA,NA,NA,NA,NA,NA,NA,NA,NA,NA,K.fixed,schm
3,4,10,NA,NA,NA,NA,NA,NA,NA,NA,NA,NA,NA,K.fixed,larr
4,3,3,3,19,NA,NA,NA,NA,NA,NA,NA,NA,NA,K.fixed,scar
13,13,13,12,12,20,NA,NA,NA,NA,NA,NA,NA,NA,K.fixed,raje
53,51,50,49,49,46,NA,NA,NA,NA,NA,NA,NA,NA,K.fixed,carm
20,20,20,19,18,17,18,NA,NA,NA,NA,NA,NA,NA,K.fixed,ring
19,19,18,17,16,15,15,27,NA,NA,NA,NA,NA,NA,K.fixed,gimp
21,21,21,20,20,18,22,29,NA,NA,NA,NA,NA,NA,K.fixed,talu
33,32,33,32,32,32,31,31,NA,NA,NA,NA,NA,NA,K.fixed,bone
50,48,47,46,46,45,42,42,NA,NA,NA,NA,NA,NA,K.fixed,uthe
14,14,14,13,11,11,12,12,13,NA,NA,NA,NA,NA,K.fixed,flo
9,9,8,8,7,7,8,11,19,NA,NA,NA,NA,NA,K.fixed,tyle
17,17,16,15,14,14,16,18,27,NA,NA,NA,NA,NA,K.fixed,mori
59,57,56,55,55,54,52,50,44,39,NA,NA,NA,NA,K.fixed,floinf15
8,8,7,7,5,5,5,5,5,5,6,NA,NA,NA,K.fixed,fay
46,44,43,42,42,41,40,39,38,29,29,NA,NA,NA,K.fixed,wokb
47,45,44,43,43,42,41,40,36,34,36,24,NA,NA,K.fixed,ging
60,58,57,56,56,55,53,52,48,46,44,35,NA,NA,K.fixed,ocea
1,1,1,1,1,1,1,1,1,1,1,1,1,1,K.fixed,sash
2,2,2,2,2,2,2,2,2,2,2,2,2,2,K.fixed,socr
6,6,5,5,4,4,4,4,3,3,3,3,3,3,K.fixed,flyn
5,5,4,4,3,3,3,3,4,4,4,4,4,4,K.fixed,panc
7,7,6,6,6,6,6,6,6,6,5,5,5,5,K.fixed,swaz
10,10,9,9,8,8,7,7,7,7,7,6,6,6,K.fixed,spoc
12,12,12,11,10,10,10,9,9,9,9,7,7,7,K.fixed,cola
11,11,11,10,9,9,9,8,8,8,8,8,8,8,K.fixed,sarg
15,15,15,14,13,12,11,10,10,10,10,9,9,9,K.fixed,puck
16,16,17,16,15,13,13,13,11,11,11,10,10,10,K.fixed,lucy
18,18,19,18,17,16,14,14,12,12,12,11,11,11,K.fixed,saff
22,22,22,21,21,19,17,15,14,13,13,12,12,12,K.fixed,lore
24,24,24,23,23,22,20,17,16,15,14,13,13,13,K.fixed,coco
25,25,25,24,24,23,21,19,17,16,15,14,14,14,K.fixed,gizm
23,23,23,22,22,21,19,16,15,14,16,15,15,15,K.fixed,fent
27,26,26,25,25,24,23,20,18,17,17,16,16,16,K.fixed,funk
28,28,27,26,26,25,24,21,20,18,18,17,17,17,K.fixed,razo
32,31,29,28,28,27,26,23,22,20,19,18,18,18,K.fixed,holl
29,29,28,27,27,26,25,22,21,19,20,19,19,19,K.fixed,egon
34,33,31,30,29,28,27,24,23,21,21,20,20,20,K.fixed,magn
37,36,34,33,33,31,30,28,26,24,24,23,23,21,K.fixed,hect
35,34,32,31,31,30,29,25,25,23,23,22,22,22,K.fixed,phoe
44,42,41,40,40,39,38,37,34,32,31,30,29,23,K.fixed,caba
30,30,30,29,30,29,28,26,24,22,22,21,21,24,K.fixed,cura
40,38,37,36,36,35,34,33,30,26,25,25,24,25,K.fixed,omni
39,37,36,35,35,34,33,32,29,25,26,26,25,26,K.fixed,cind
48,46,45,44,44,43,43,41,37,35,34,32,30,27,K.fixed,guge
41,39,38,37,37,36,35,34,31,28,27,27,26,28,K.fixed,fina
43,41,40,39,39,38,37,36,33,31,30,29,28,29,K.fixed,pean
42,40,39,38,38,37,36,35,32,30,28,28,27,30,K.fixed,swee
45,43,42,41,41,40,39,38,35,33,32,31,31,31,K.fixed,home
36,35,35,34,34,33,32,30,28,27,33,33,32,32,K.fixed,xavi
49,47,46,45,45,44,44,43,39,36,35,34,33,33,K.fixed,dori
52,50,49,48,48,48,46,45,41,38,38,37,35,34,K.fixed,wolo
51,49,48,47,47,47,45,44,40,37,37,36,34,35,K.fixed,oreo
54,52,51,50,50,49,47,46,42,40,39,38,36,36,K.fixed,gats
58,56,55,54,54,53,51,51,47,44,43,41,39,37,K.fixed,wood
55,53,52,51,51,50,48,47,43,41,40,39,37,38,K.fixed,cact
57,55,54,53,53,52,50,49,46,43,42,42,40,39,K.fixed,daen
56,54,53,52,52,51,49,48,45,42,41,40,38,40,K.fixed,octo
61,59,58,57,57,56,54,53,49,45,45,43,41,41,K.fixed,pino
62,60,59,58,58,57,55,54,50,47,46,44,42,42,K.fixed,dire
1,1,1,1,1,1,1,1,1,1,1,1,1,1,Randomized.Sanchez,sash
6,5,5,4,3,2,3,3,3,2,2,2,2,2,Randomized.Sanchez,flyn
11,12,11,9,7,6,6,7,7,5,5,4,4,3,Randomized.Sanchez,saff
7,7,7,7,6,7,7,6,6,7,7,5,5,4,Randomized.Sanchez,swaz
16,18,16,15,13,13,13,13,12,12,12,10,7,6,Randomized.Sanchez,sarg
4,4,4,3,2,4,4,4,4,4,4,3,3,7,Randomized.Sanchez,panc
13,11,13,10,8,9,9,8,8,8,8,6,6,5,Randomized.Sanchez,socr
5,6,6,5,5,5,5,5,5,6,6,7,8,10,Randomized.Sanchez,coco
12,13,12,12,10,8,8,9,9,10,9,11,9,8,Randomized.Sanchez,lucy
20,20,18,17,17,17,14,11,11,11,11,9,11,11,Randomized.Sanchez,fent
14,14,14,13,11,10,10,10,10,9,10,8,10,9,Randomized.Sanchez,spoc
33,33,29,27,25,25,24,19,17,16,13,13,16,12,Randomized.Sanchez,puck
27,25,23,23,22,21,18,17,16,15,15,12,12,13,Randomized.Sanchez,cola
41,40,38,35,34,32,27,26,21,20,18,16,14,14,Randomized.Sanchez,cind
15,15,15,14,14,16,12,14,13,13,14,15,13,15,Randomized.Sanchez,phoe
40,38,36,34,32,31,28,24,24,23,21,23,21,20,Randomized.Sanchez,funk
43,42,41,39,37,35,34,33,30,26,25,20,20,17,Randomized.Sanchez,razo
37,36,34,32,30,28,29,29,23,21,20,18,18,18,Randomized.Sanchez,gizm
39,37,35,33,33,33,32,28,26,22,22,22,22,16,Randomized.Sanchez,egon
34,35,32,29,29,27,26,22,22,19,17,17,15,19,Randomized.Sanchez,lore
35,34,30,30,31,30,30,31,25,24,23,21,23,22,Randomized.Sanchez,cura
22,21,20,20,21,20,19,18,18,18,19,19,19,23,Randomized.Sanchez,holl
29,29,25,24,24,23,22,20,19,14,16,14,17,21,Randomized.Sanchez,magn
45,44,44,43,41,42,41,36,35,32,30,26,25,24,Randomized.Sanchez,hect
49,47,46,45,43,40,39,38,34,31,28,29,28,25,Randomized.Sanchez,caba
47,45,45,42,44,41,40,35,32,27,32,30,29,26,Randomized.Sanchez,oreo
36,32,31,31,28,29,31,30,27,25,27,25,26,27,Randomized.Sanchez,dori
56,54,53,51,52,49,47,42,39,35,34,33,30,28,Randomized.Sanchez,omni
44,43,42,41,38,38,35,34,29,29,29,27,27,29,Randomized.Sanchez,fina
24,23,21,22,23,24,23,21,20,17,24,24,24,30,Randomized.Sanchez,swee
46,46,43,44,42,39,37,37,36,33,31,28,32,31,Randomized.Sanchez,home
53,53,51,52,49,45,44,41,38,34,33,34,31,32,Randomized.Sanchez,cact
57,55,54,53,53,52,49,49,45,42,40,40,36,33,Randomized.Sanchez,guge
28,26,24,25,26,26,25,27,31,28,37,36,34,34,Randomized.Sanchez,xavi
50,49,48,47,47,47,42,44,41,38,39,35,35,35,Randomized.Sanchez,pean
59,57,56,55,55,54,51,51,47,43,42,41,38,36,Randomized.Sanchez,daen
52,50,49,48,48,46,45,43,40,37,36,32,33,37,Randomized.Sanchez,pino
55,52,52,50,50,48,48,47,44,40,41,39,37,38,Randomized.Sanchez,gats
54,51,50,49,51,50,46,45,42,39,38,38,39,39,Randomized.Sanchez,wolo
60,58,57,56,56,55,53,52,48,45,44,42,40,40,Randomized.Sanchez,octo
61,59,58,57,57,56,54,53,49,46,45,43,41,41,Randomized.Sanchez,wood
62,60,59,58,58,57,55,54,50,47,46,44,42,42,Randomized.Sanchez,dire
38,39,37,36,35,34,33,32,28,30,26,31,NA,NA,Randomized.Sanchez,ging
48,48,47,46,45,44,43,46,43,44,43,37,NA,NA,Randomized.Sanchez,ocea
8,8,8,6,4,3,2,2,2,3,3,NA,NA,NA,Randomized.Sanchez,fay
42,41,39,38,36,36,38,40,37,36,35,NA,NA,NA,Randomized.Sanchez,wokb
58,56,55,54,54,53,52,50,46,41,NA,NA,NA,NA,Randomized.Sanchez,floinf15
9,9,9,8,9,11,15,12,14,NA,NA,NA,NA,NA,Randomized.Sanchez,tyle
30,30,28,26,27,22,21,23,15,NA,NA,NA,NA,NA,Randomized.Sanchez,flo
10,10,10,11,12,12,16,16,33,NA,NA,NA,NA,NA,Randomized.Sanchez,mori
25,24,22,21,20,19,20,15,NA,NA,NA,NA,NA,NA,Randomized.Sanchez,talu
23,22,19,18,18,18,11,25,NA,NA,NA,NA,NA,NA,Randomized.Sanchez,gimp
17,17,40,40,40,37,36,39,NA,NA,NA,NA,NA,NA,Randomized.Sanchez,bone
32,31,27,28,46,43,50,48,NA,NA,NA,NA,NA,NA,Randomized.Sanchez,uthe
19,19,17,16,15,15,17,NA,NA,NA,NA,NA,NA,NA,Randomized.Sanchez,ring
31,28,26,19,19,13,NA,NA,NA,NA,NA,NA,NA,NA,Randomized.Sanchez,raje
26,27,33,37,39,51,NA,NA,NA,NA,NA,NA,NA,NA,Randomized.Sanchez,carm
2,2,3,2,16,NA,NA,NA,NA,NA,NA,NA,NA,NA,Randomized.Sanchez,scar
3,3,2,NA,NA,NA,NA,NA,NA,NA,NA,NA,NA,NA,Randomized.Sanchez,larr
21,16,NA,NA,NA,NA,NA,NA,NA,NA,NA,NA,NA,NA,Randomized.Sanchez,schm
18,NA,NA,NA,NA,NA,NA,NA,NA,NA,NA,NA,NA,NA,Randomized.Sanchez,max
51,NA,NA,NA,NA,NA,NA,NA,NA,NA,NA,NA,NA,NA,Randomized.Sanchez,lego
NA,NA,NA,NA,NA,NA,NA,NA,NA,NA,NA,NA,NA,NA,Randomized.Sanchez,macy
NA,NA,NA,NA,NA,NA,NA,NA,NA,NA,NA,NA,NA,NA,Randomized.Sanchez,rodr
NA,NA,NA,NA,NA,NA,NA,NA,NA,NA,NA,NA,NA,NA,Randomized.Sanchez,balu
NA,NA,NA,NA,NA,NA,NA,NA,NA,NA,NA,NA,NA,NA,Randomized.Sanchez,nige
NA,NA,NA,NA,NA,NA,NA,NA,NA,NA,NA,NA,NA,NA,Randomized.Sanchez,egm
23,23,18,17,18,17,17,14,12,12,10,NA,NA,NA,I&Si,fay
9,9,7,6,9,6,6,3,4,3,2,3,1,6,I&Si,flyn
2,2,2,1,1,1,1,2,1,1,1,2,4,2,I&Si,sash
35,32,30,26,31,33,30,24,20,21,34,44,NA,NA,I&Si,ging
22,19,17,16,19,13,12,17,15,16,15,10,6,15,I&Si,lucy
5,8,5,3,5,5,5,21,48,NA,NA,NA,NA,NA,I&Si,mori
24,24,19,18,22,19,22,19,17,18,20,22,21,30,I&Si,phoe
11,NA,NA,NA,NA,NA,NA,NA,NA,NA,NA,NA,NA,NA,I&Si,lego
7,NA,NA,NA,NA,NA,NA,NA,NA,NA,NA,NA,NA,NA,I&Si,max
28,27,24,31,36,36,NA,NA,NA,NA,NA,NA,NA,NA,I&Si,carm
4,7,4,5,4,NA,NA,NA,NA,NA,NA,NA,NA,NA,I&Si,scar
3,6,1,NA,NA,NA,NA,NA,NA,NA,NA,NA,NA,NA,I&Si,larr
19,16,15,13,16,24,20,16,14,15,13,9,8,13,I&Si,coco
15,12,47,53,52,56,54,53,NA,NA,NA,NA,NA,NA,I&Si,bone
1,1,3,2,3,3,3,4,5,5,3,4,2,7,I&Si,panc
33,31,29,24,30,32,29,28,25,20,27,26,25,18,I&Si,dori
50,49,44,43,44,37,33,31,50,46,46,42,NA,NA,I&Si,ocea
6,5,6,4,6,8,10,7,46,NA,NA,NA,NA,NA,I&Si,tyle
30,29,27,35,27,30,26,22,19,NA,NA,NA,NA,NA,I&Si,flo
38,35,33,32,25,21,24,27,24,25,18,18,12,19,I&Si,gizm
13,13,12,8,12,11,11,9,8,9,8,6,5,10,I&Si,spoc
12,11,11,14,11,9,7,NA,NA,NA,NA,NA,NA,NA,I&Si,ring
36,36,34,27,34,35,32,30,30,39,38,NA,NA,NA,I&Si,wokb
27,26,23,20,26,29,25,20,18,19,21,23,22,31,I&Si,holl
18,21,14,11,15,16,16,12,10,10,9,7,7,8,I&Si,saff
26,25,21,28,24,25,13,8,NA,NA,NA,NA,NA,NA,I&Si,talu
21,18,16,15,17,10,9,5,NA,NA,NA,NA,NA,NA,I&Si,gimp
44,43,40,38,40,41,37,35,32,29,24,24,18,28,I&Si,hect
20,17,8,12,8,12,NA,NA,NA,NA,NA,NA,NA,NA,I&Si,raje
37,34,32,29,32,34,31,25,23,24,26,28,24,3,I&Si,puck
32,28,26,23,29,23,19,15,13,13,14,15,15,14,I&Si,cola
17,15,NA,NA,NA,NA,NA,NA,NA,NA,NA,NA,NA,NA,I&Si,schm
42,41,39,37,39,44,35,34,29,35,23,20,20,22,I&Si,oreo
40,38,36,33,33,28,23,26,22,22,17,17,17,17,I&Si,cind
41,39,37,34,38,39,34,32,28,28,19,19,19,20,I&Si,fina
29,22,25,21,21,18,18,13,11,11,11,8,11,11,I&Si,fent
55,54,53,49,51,50,46,44,40,38,37,37,36,29,I&Si,wolo
34,33,31,25,20,48,55,52,NA,NA,NA,NA,NA,NA,I&Si,uthe
52,51,50,46,48,42,42,39,33,30,30,29,31,35,I&Si,cact
45,44,42,39,41,49,38,29,27,26,28,34,26,23,I&Si,omni
51,50,48,45,47,45,44,41,37,36,36,36,32,33,I&Si,pean
39,37,35,30,37,26,21,18,16,17,16,16,16,16,I&Si,lore
16,14,13,9,14,15,15,11,7,8,7,13,10,5,I&Si,socr
61,60,59,58,58,54,53,51,49,44,45,43,42,40,I&Si,daen
31,30,28,22,28,20,27,23,21,23,22,31,30,34,I&Si,swee
43,42,38,36,35,38,36,33,26,14,12,14,13,21,I&Si,funk
54,53,52,47,50,46,45,42,39,37,32,27,29,27,I&Si,gats
46,47,41,42,42,31,28,38,35,34,25,25,23,24,I&Si,home
8,3,20,50,7,4,4,47,41,45,44,35,37,32,I&Si,xavi
60,59,58,55,57,53,52,49,45,43,42,41,41,38,I&Si,dire
59,55,57,51,56,51,47,48,44,42,41,38,40,37,I&Si,wood
56,56,54,54,54,47,50,46,43,41,39,33,35,36,I&Si,octo
10,10,9,7,10,7,8,6,6,6,4,5,28,26,I&Si,magn
25,20,22,19,13,14,14,10,9,7,6,11,9,9,I&Si,razo
47,46,43,41,43,22,39,36,34,31,31,12,14,12,I&Si,sarg
49,48,46,44,46,40,40,40,36,32,33,30,33,39,I&Si,caba
58,57,55,52,53,52,48,45,42,40,40,39,38,41,I&Si,pino
53,52,51,48,49,43,43,43,38,33,35,32,34,42,I&Si,guge
48,45,45,40,45,27,41,37,31,27,29,21,27,25,I&Si,egon
14,4,10,10,2,2,2,1,2,4,5,1,3,1,I&Si,swaz
NA,NA,NA,NA,NA,NA,NA,NA,NA,NA,NA,NA,NA,NA,I&Si,macy
57,40,49,57,23,55,51,50,3,2,43,40,39,4,I&Si,cura
NA,NA,NA,NA,NA,NA,NA,NA,NA,NA,NA,NA,NA,NA,I&Si,rodr
NA,NA,NA,NA,NA,NA,NA,NA,NA,NA,NA,NA,NA,NA,I&Si,balu
62,58,56,56,55,57,49,54,47,47,NA,NA,NA,NA,I&Si,floinf15
NA,NA,NA,NA,NA,NA,NA,NA,NA,NA,NA,NA,NA,NA,I&Si,nige
NA,NA,NA,NA,NA,NA,NA,NA,NA,NA,NA,NA,NA,NA,I&Si,egm